{
    "close_box": [
        [
            0.3338371813297272,
            -0.2594493627548218,
            0.1359955370426178
        ],
        [
            0.7567738890647888,
            0.2867153584957123,
            0.2853504419326782
        ]
    ],
    "duck_in_bowls": [
        [
            0.4279724061489105,
            -0.21290282905101776,
            0.043358102440834045
        ],
        [
            0.7577713131904602,
            0.24015480279922485,
            0.3290724456310272
        ]
    ],
    "insert_peg_in_hole": [
        [
            0.39305832982063293,
            -0.25724512338638306,
            0.0948619470000267
        ],
        [
            0.8026399612426758,
            0.13942162692546844,
            0.3089217245578766
        ]
    ],
    "insert_peg_to_circle": [
        [
            0.365976482629776,
            -0.21738046407699585,
            0.01769384928047657
        ],
        [
            0.7715307474136353,
            0.19378983974456787,
            0.4973728358745575
        ]
    ],
    "mouse_on_pad": [
        [
            0.4235491156578064,
            -0.257388174533844,
            0.027316845953464508
        ],
        [
            0.7982125282287598,
            0.14080514013767242,
            0.2449265569448471
        ]
    ],
    "open_bottle": [
        [
            0.41710975766181946,
            -0.20782339572906494,
            0.1548079401254654
        ],
        [
            0.7076162695884705,
            0.15066562592983246,
            0.28569379448890686
        ]
    ],
    "open_pen": [
        [
            0.40455129742622375,
            -0.22941702604293823,
            0.15250547230243683
        ],
        [
            0.794581949710846,
            0.1065216138958931,
            0.29128456115722656
        ]
    ],
    "press_stapler": [
        [
            0.43019017577171326,
            -0.2689228355884552,
            0.06219394505023956
        ],
        [
            0.7113068103790283,
            0.20724661648273468,
            0.2873690128326416
        ]
    ],
    "put_grapes_in_bowl": [
        [
            0.467151939868927,
            -0.2982477843761444,
            0.019283313304185867
        ],
        [
            0.7701833248138428,
            0.2745080292224884,
            0.15883532166481018
        ]
    ],
    "rotate_parallel": [
        [
            0.46352604031562805,
            -0.3277023732662201,
            0.016703592613339424
        ],
        [
            0.7951778173446655,
            0.26054441928863525,
            0.22680571675300598
        ]
    ],
    "sort_shape": [
        [
            0.4679383635520935,
            -0.2535928785800934,
            0.026000993326306343
        ],
        [
            0.765965461730957,
            0.18454627692699432,
            0.15381072461605072
        ]
    ],
    "sort_shape_in_group": [
        [
            0.4010016918182373,
            -0.24481570720672607,
            0.01642298698425293
        ],
        [
            0.7597891092300415,
            0.2526944577693939,
            0.37981322407722473
        ]
    ],
    "stack_cups": [
        [
            0.38438114523887634,
            -0.21041636168956757,
            0.12655869126319885
        ],
        [
            0.7688319683074951,
            0.2098417431116104,
            0.4402996599674225
        ]
    ],
    "triangle_in_plate": [
        [
            0.4219045639038086,
            -0.24994049966335297,
            0.017596453428268433
        ],
        [
            0.7943607568740845,
            0.24871927499771118,
            0.3922606110572815
        ]
    ]
}